barcode,firstSeenAt,hmisRows,assayCodes
PL2609160003,2026-09-16T05:51:58.305Z,1,"32"
PL2609160004,2026-09-16T05:51:58.309Z,8,"34 90 37 89 109 36 108 107"
PL2609160005,2026-09-16T05:51:58.311Z,1,"32"
PL2609160009,2026-09-16T05:51:58.312Z,1,"32"
PL2609160010,2026-09-16T05:51:58.313Z,15,"41 40 39 34 50 43 62 76 90 109 36 89 107 37 108"
PL2609160013,2026-09-16T05:51:58.315Z,2,"76 90"
PL2609160016,2026-09-16T06:32:48.042Z,4,"76 90 52 46"
PL2609160019,2026-09-16T06:37:18.196Z,1,"32"
PL2609160020,2026-09-16T06:37:18.197Z,15,"41 40 39 34 50 43 62 90 36 107 37 89 108 109 46"
PL2609160023,2026-09-16T07:44:19.332Z,3,"46 76 90"
PL2609160024,2026-09-16T08:39:20.564Z,1,"32"
PL2609160025,2026-09-16T11:20:35.975Z,1,"47"
PL2609170004,2026-09-17T06:49:58.220Z,3,"46 76 90"
PL2609170009,2026-09-17T07:17:28.730Z,1,"32"
PL2609170010,2026-09-17T07:17:28.731Z,15,"46 41 40 39 34 50 43 62 90 37 89 107 109 108 36"
PL2609170012,2026-09-17T12:38:04.564Z,3,"46 76 90"
PL2609180003,2026-09-18T04:01:47.772Z,3,"46 76 90"
PL2609190003,2026-09-19T05:21:59.249Z,1,"32"
PL2609190004,2026-09-19T05:22:49.310Z,16,"46 41 40 39 34 50 43 62 90 37 89 108 36 107 109 63"
PL2609190006,2026-09-19T05:23:40.387Z,1,"32"
PL2609190007,2026-09-19T05:24:31.607Z,1,"46"
PL2609190010,2026-09-19T05:24:31.608Z,1,"32"
PL2609190011,2026-09-19T05:24:31.608Z,1,"46"
PL2609190014,2026-09-19T05:24:31.609Z,1,"32"
PL2609190015,2026-09-19T05:24:31.610Z,1,"46"
PL2609190018,2026-09-19T05:24:31.655Z,1,"32"
PL2609190019,2026-09-19T05:24:31.657Z,1,"46"
PL2609190023,2026-09-19T05:24:31.658Z,1,"32"
PL2609190024,2026-09-19T05:24:31.659Z,10,"46 40 34 90 108 37 36 89 107 109"
PL2609190027,2026-09-19T05:24:31.660Z,3,"46 76 90"
PL2609190028,2026-09-19T05:54:29.952Z,1,"32"
PL2609190031,2026-09-19T06:45:30.982Z,1,"76"
PL2609190032,2026-09-19T06:47:00.944Z,1,"32"
PL2609190035,2026-09-19T06:58:31.298Z,1,"32"
PL2609190036,2026-09-19T06:58:31.341Z,9,"46 34 90 107 108 37 36 89 109"
PL2609190038,2026-09-19T09:20:20.675Z,1,"32"
PL2609190039,2026-09-19T09:46:21.161Z,1,"32"
PL2609190040,2026-09-19T09:46:21.164Z,1,"32"
PL2609190042,2026-09-19T10:46:52.202Z,1,"90"
PL2609190045,2026-09-19T11:59:23.459Z,3,"46 76 90"
PL2609190048,2026-09-19T14:38:56.625Z,3,"46 76 90"
PL2609200005,2026-09-20T06:53:30.820Z,1,"90"